id,name,amenity,lat,lon
1,Khách sạn Sofitel,,10.784146,106.7022474
2,Trạm Xăng Dầu Số 9,fuel,10.7706834,106.6893379
3,Cửa Hàng Xăng Dầu Comeco,fuel,10.7905722,106.6942144
4,Unknown,fuel,10.7753118,106.7048514
5,Cửa Hàng Xăng Dầu Satra,fuel,10.7689585,106.6966613
6,Unknown,parking,10.7812499,106.6983279
7,Trường Đại Học Ngân Hàng,college,10.7704853,106.7047872
8,Unknown,parking,10.7734144,106.6937048
9,Unknown,parking,10.7814261,106.6969159
10,Unknown,parking,10.7810892,106.6965647
11,Unknown,parking,10.7754919,106.6984902
12,Unknown,parking,10.7761981,106.6977285
13,FamilyMart,,10.7692304,106.7001682
14,Unknown,,10.7737618,106.704673
15,Circle K,,10.7709168,106.6894985
16,Shop&Go!,,10.7718769,106.6904496
17,Unknown,parking,10.7760071,106.702098
18,Circle K,,10.7796921,106.7007494
19,Unknown,parking,10.7771916,106.6962032
20,Unknown,parking,10.7720545,106.697625
21,Unknown,parking,10.7871712,106.7046796
22,Unknown,parking,10.7870396,106.7044597
23,Shop&Go!,,10.7674953,106.7002265
24,Siêu Thị Online Annam Gourmet,,10.7767779,106.7050958
25,Columbia Asia Saigon,hospital,10.7795758,106.6965213
26,Circle K,,10.77194,106.703707
27,Circle K,,10.7744175,106.6966499
28,Citimart,,10.784261,106.69973
29,Bảo tàng Tôn Đức Thắng,,10.7776675,106.7070246
30,Công viên Lê Văn Tám,,10.7869042,106.6941735
31,Đinh Tiên Hoàng,,10.789511,106.6967242
32,Bến Bạch Đằng,,10.7733704,106.7063876
33,Đại học Khoa học Tự nhiên,,10.7622515,106.6830377
34,Chợ Nancy,,10.757051,106.68587
35,Chợ Thái Bình,,10.7669423,106.6875927
36,Đền Trần Hưng Đạo,,10.7912747,106.6952364
37,Công viên Lê Văn Tám,,10.7888286,106.6927829
38,Nguyễn Thị Nghĩa,,10.7699494,106.6934155
39,Chợ Bến Thành,,10.7726204,106.6992917
40,Mầm non Hoa Lư,,10.7851929,106.7087129
41,Nguyễn Hữu Cảnh,,10.7835232,106.7073585
42,Unknown,,10.7856443,106.7085874
43,Nhà hát Thành phố,,10.7780395,106.7035068
44,Bệnh viện Nhi đồng 2,,10.7798555,106.701527
45,Calmette,,10.7678522,106.6992533
46,Nhà thờ Tân Định,,10.7892203,106.6903304
47,Chợ Đakao,,10.7924976,106.6948579
48,Lý Tự Trọng,,10.777076,106.699669
49,Lê Duẩn,,10.7782907,106.6983598
50,Nguyễn Thị Minh Khai,,10.7798086,106.6967169
51,Chùa Ông,,10.7740107,106.6997984
52,Cầu Ông Lãnh,,10.7667542,106.6960483
53,Cầu Ông Lãnh,,10.7662479,106.6965412
54,Trường Bùi Thị Xuân,,10.7693473,106.6879224
55,Nguyễn Văn Thủ,,10.7912552,106.7005492
56,Trạm Xe Bus Hoàng Sa,,10.7923606,106.7033984
57,Trạm Xe Bus Cầu Calmette,,10.7651414,106.6998546
58,Trạm Xe Bus Cầu Calmette,,10.76511,106.7000531
59,Hồ Hảo Hớn,,10.7599322,106.6946981
60,Trường Tiểu học Chương Dương,,10.7582536,106.6915957
61,Cầu Nguyễn Văn Cừ,,10.7541194,106.6872369
62,Cửa Hàng Tiện Lợi Shop&Go!,,10.7896718,106.6935132
63,Circle K,,10.7769943,106.7047402
64,Circle K,,10.7694431,106.7000459
65,Đại học Khoa học Xã hội Nhân văn,,10.7857614,106.7025976
66,Trạm Xe Bus Đại Học Khoa Học Xã Hội Nhân Văn,,10.7857132,106.7024048
67,Tôn Thất Tùng,,10.768731,106.6903772
68,Công trường Mê Linh,,10.776917,106.7058354
69,Công trường Mê Linh,,10.7760722,106.7056997
70,Trường Trung học cơ sở Văn Lang,school,10.7929112,106.6878489
71,Circle K,,10.7706331,106.6878337
72,FamilyMart,,10.7671517,106.6907412
73,Circle K,,10.7668186,106.6910328
74,Ministop,,10.7674283,106.6848633
75,Siêu Thị C&C,,10.7666709,106.6877461
76,Street Food Market,,10.7736896,106.6975615
77,FamilyMart,,10.7862265,106.7013849
78,FamilyMart,,10.7678389,106.6937195
79,Shop&Go!,,10.7791798,106.7002789
80,FamilyMart,,10.7736195,106.6969272
81,Bệnh Viện Mắt Sài Gòn,hospital,10.7713711,106.6909391
82,Bãi Đậu Xe Nguyễn Văn Chiêm,parking,10.7817942,106.6988031
83,FamilyMart,,10.768461,106.68707
84,Circle K,,10.7725534,106.6991115
85,Circle K,,10.7668906,106.6929873
86,Unknown,,10.7699236,106.6925181
87,Cửa Hàng Tiện Lợi B's Mart,,10.7668069,106.6962928
88,Tôn Thất Tùng,,10.7676758,106.6908667
89,Circle K,,10.7697839,106.6924932
90,Trung Tâm Thương Mại Sense Market,,10.7692667,106.6933366
91,Trạm Xe Bus Cityview Shuttle,,10.7744984,106.7047024
92,Thi's Market,,10.7717991,106.7041195
93,Siêu Thị Tiện Lợi US,,10.7618357,106.6901287
94,Tổng Công ty Samco,,10.7596994,106.6881941
95,Trung Tâm Nhật Ngữ Yaruki,school,10.7881755,106.7026429
96,Circle K,,10.771409,106.6970223
97,FamilyMart,,10.7894045,106.702524
98,FamilyMart,,10.7890379,106.7002426
99,Circle K,,10.7732317,106.7033243
100,FamilyMart,,10.7635833,106.693177
101,Sở Tài nguyên và Môi trường,,10.7771741,106.7003573
102,7-Eleven,,10.7775864,106.6987866
103,Unknown,restaurant,10.762326,106.6927709
104,7-Eleven,,10.7774369,106.6986668
105,FamilyMart,,10.7796987,106.700693
106,FamilyMart,,10.7711968,106.6897472
107,Unknown,school,10.7924,106.6935816
108,Sạp Khô Hải Phựợng,,10.7642836,106.6978262
109,Circle K,,10.7735194,106.7021249
110,Ministop,,10.788655,106.6977442
111,Bến Bạch Đằng,,10.774068,106.7066444
112,FamilyMart,,10.7851878,106.6991453
113,Hồ Hào Hớn,,10.7624011,106.6905879
114,Ký túc xá Trần Hưng Đạo,,10.7674317,106.6947718
115,Rạp phim Trần Hưng Đạo,,10.7658046,106.6933395
116,WinMart+,,10.7692098,106.6917558
117,Unknown,,10.7722701,106.6961872
118,Trần Đình Xu,,10.763058,106.6882141
119,WinMart+,,10.7665987,106.6920839
120,WinMart+,,10.7690914,106.6874383
121,WinMart+,,10.7643484,106.6962681
122,WinMart+,,10.75872,106.6882107
123,WinMart+,,10.7685855,106.6994331
124,WinMart+,,10.7925786,106.6935162
125,WinMart+,,10.7912138,106.6937093
126,WinMart+,,10.7617002,106.6901393
127,WinMart+,,10.7811422,106.7041941
128,WinMart+,,10.7916722,106.6962466
129,WinMart+,,10.7893734,106.6967884
130,WinMart+,,10.7870877,106.6980813
131,WinMart+,,10.7690762,106.6911424
132,Trường Đại Học KHXH&NV Thành phố Hồ Chí Minh - Cơ Sở 1,college,10.7856151,106.7030012
133,Unknown,,10.7742791,106.6997921
134,Siêu thị phượt,,10.7655607,106.6924438
135,Tạp Hoá Tiến Hưng,,10.7620742,106.6904162
136,Unknown,,10.763547,106.6930808
137,FamilyMart,,10.7888019,106.696127
138,Cửa Hàng Tiện Lợi B's Mart,,10.7643554,106.6913421
139,Bảo Tàng Mỹ Thuật,,10.7691968,106.6996581
140,Tòa nhà Bitexco,,10.7706801,106.704864
141,Unknown,,10.767144,106.6948322
142,Lê Thánh Tôn,,10.7750733,106.7007175
143,7-Eleven,,10.7705345,106.6879964
144,Thực Phẩm Hữu Cơ An Toàn - Nam An,,10.7731189,106.7007584
145,Unknown,,10.7695785,106.6970016
146,Unknown,,10.7627701,106.6878402
147,FamilyMart,,10.7804426,106.7073546
148,FamilyMart,,10.7713737,106.7023543
149,Circle K,,10.7738202,106.6988707
150,WinMart+,,10.7703407,106.6919944
151,Thư viện Khoa học Tổng hợp,,10.7755096,106.6988245
152,Nguyễn Kim,,10.7683789,106.6957937
153,7-Eleven,,10.7705527,106.6879477
154,Unknown,,10.766391,106.6962326
155,Unknown,,10.7658092,106.6965487
156,Unknown,,10.7849873,106.6957305
157,Unknown,,10.7661781,106.6879571
158,Unknown,,10.764657,106.6875678
159,City Plaza,,10.7645291,106.6874075
160,Unknown,,10.7621024,106.6891263
161,Unknown,,10.792129,106.6930053
162,Unknown,,10.7637656,106.6903151
163,Unknown,,10.7644991,106.6906971
164,Unknown,,10.7658114,106.6907638
165,Tổng Công ty Samco,,10.7594652,106.6877808
166,Nguyễn Thị Nghĩa,,10.768802,106.693696
167,Co.op smile,,10.7634408,106.6957358
168,Unknown,,10.7856676,106.7023728
169,Unknown,school,10.7864397,106.6979676
170,Unknown,,10.7852278,106.6988881
171,Unknown,,10.7686806,106.6967533
172,Chợ Nancy,,10.7574579,106.6860184
173,Giao lộ Hàm Nghi - Tôn Thất Đạm,,10.7707776,106.7030582
174,Unknown,,10.782461,106.7022284
175,Trần Hưng Đạo,,10.7685405,106.695205
176,Unknown,,10.7680302,106.698549
177,Ministop,,10.76894,106.699493
178,Unknown,,10.7686252,106.6989439
179,Circle K,,10.7787519,106.7019218
180,Unknown,,10.7656939,106.6897877
181,Unknown,,10.7706222,106.7036914
182,Nguyễn Trãi,,10.7603133,106.6837907
183,Circle K,,10.7733237,106.696254
184,Familymart,,10.7617773,106.6960949
185,Unknown,,10.7605084,106.6932442
186,GS25,,10.7699152,106.68837
187,Circle K,,10.7699632,106.6923622
188,FamilyMart,,10.7709554,106.6900191
189,Unknown,,10.764855,106.6987344
190,Unknown,,10.760632,106.6929757
191,Unknown,,10.7675893,106.6947722
192,Ministop,,10.7741035,106.6971573
193,Trần Đình Xu,,10.7632769,106.6882978
194,Unknown,,10.7917974,106.6902381
195,Công viên Lê Văn Tám,,10.7874018,106.6926157
196,Unknown,,10.7661723,106.6984381
197,Unknown,,10.7724614,106.6950674
198,Circle K,,10.7751257,106.7028402
199,Unknown,,10.7676268,106.7001231
200,Circle K,,10.7688695,106.7014884
201,Unknown,,10.7642868,106.6973479
202,Unknown,,10.7646306,106.6966172
203,Unknown,,10.7645863,106.6967021
204,Unknown,,10.7687743,106.6992892
205,Unknown,,10.7645562,106.6972327
206,Du Lịch Danh Danh,,10.7677332,106.6912882
207,Du Lịch Long Phương,,10.7675464,106.6907955
208,Unknown,,10.7723341,106.6963242
209,Unknown,,10.7715103,106.6929293
210,Chợ dân sinh - Ký Con,,10.76735,106.6982744
211,Circle K,,10.7660289,106.6827071
212,Khách sạn New World,,10.7709974,106.6959714
213,Circle K,,10.7677232,106.6947328
214,Circle K,,10.7682139,106.7009937
215,WinMart+,,10.7613866,106.6921565
216,Khách sạn New World,,10.7712473,106.6957873
217,Trường Trung học Phổ thông Ernst Thälmann,,10.7695735,106.6956974
218,Cirkle K,,10.7636236,106.6930378
219,WinMart+,,10.7612781,106.6923036
220,Unknown,,10.7614192,106.6921024
221,Cửa Hàng Tiện Lợi G25,,10.7844131,106.6964872
222,Cheers,,10.7726879,106.6972368
223,Circle K,,10.779199,106.7003005
224,FamilyMart,,10.7787817,106.7028124
225,WinMart+,,10.7868852,106.7117503
226,Ministop,,10.7867368,106.7113385
227,7-Eleven,,10.7865927,106.7100738
228,Unknown,parking,10.7727335,106.7029363
229,Hồ Tùng Mậu,,10.7707209,106.7040322
230,Cục Hải quan Thành phố,,10.7706453,106.70577
231,Cục Hải quan Thành phố,,10.7708759,106.7055179
232,7-Eleven,,10.7806435,106.7045255
233,FamilyMart,,10.7812739,106.70496
234,Tòa án Nhân dân Quận 1,,10.782509,106.7052866
235,Đền thờ Ấn Giáo,,10.773505,106.7013922
236,Thảo Cầm Viên,,10.7905929,106.7052576
237,Đài Truyền hình Thành phố,,10.7872273,106.7021055
238,Đinh Tiên Hoàng,,10.7862108,106.7011808
239,Phùng Khắc Khoan,,10.7839711,106.6986809
240,Phạm Viết Chánh,,10.7661864,106.6825413
241,Bệnh viện Từ Dũ,,10.7687115,106.684986
242,Tôn Thất Tùng,,10.7718402,106.6879277
243,Sở Y tế Thành phố,,10.7741294,106.6900059
244,Nhà Văn hóa Lao động,,10.7770334,106.6927845
245,Pasteur,,10.7810063,106.6963991
246,Mạc Đỉnh Chi,,10.7841212,106.6994874
247,Nhà thờ Mạc Ti Nho,,10.7861633,106.7011341
248,Thảo Cầm Viên,,10.7896064,106.7045903
249,Cầu Thị Nghè,,10.7907001,106.7056329
250,Trạm trung chuyển Hàm Nghi,,10.770873,106.7009383
251,Trạm trung chuyển Hàm Nghi,,10.7709257,106.7008574
252,Trạm trung chuyển Hàm Nghi,,10.7708875,106.7006065
253,Trạm trung chuyển Hàm Nghi,,10.7708789,106.7007985
254,Trạm trung chuyển Hàm Nghi,,10.7709943,106.7005183
255,Trạm trung chuyển Hàm Nghi,,10.7709777,106.7008529
256,Trạm trung chuyển Hàm Nghi,,10.7710347,106.6999115
257,Trạm trung chuyển Hàm Nghi,,10.771049,106.6994948
258,Trạm trung chuyển Hàm Nghi,,10.7711574,106.6994198
259,Trạm trung chuyển Hàm Nghi,,10.7711007,106.6994943
260,Trạm trung chuyển Hàm Nghi,,10.7710925,106.6999191
261,Chợ Cũ,,10.7709914,106.7030831
262,Trường Cao đẳng Kỹ Thuật Cao Thắng,,10.7710549,106.7018406
263,Trần Đình Xu,,10.762287,106.6902514
264,Phòng Cảnh sát Phòng cháy Chữa cháy,,10.760673,106.6890393
265,Nam Kỳ Khởi Nghĩa,,10.7708611,106.7015057
266,Chợ Cũ,,10.7708361,106.7019523
267,Đại Học Mở Thành phố Hồ Chí Minh - Mai Thị Lựu,university,10.7902129,106.700297
268,Circle K,,10.7792725,106.7046884
269,Nhà xe Tâm Hạnh - Nguyễn Cư Trinh,parking,10.7631519,106.688613
270,Grove Fresh,,10.7680881,106.6845432
271,Bệnh viện Quận 1 (cơ sở 2),hospital,10.7651115,106.6932273
272,Circle K,,10.7910951,106.6911149
273,GS25,,10.7870002,106.7113903
274,Unknown,,10.7885039,106.691255
275,Unknown,,10.7773144,106.7055429
276,Unknown,,10.7643579,106.6913177
277,7-Eleven,,10.7745392,106.7057152
278,116 Culture Luxury,,10.7684748,106.6986624
279,Kumho Samco Buslines,,10.7678614,106.6916462
280,Hahn Café,,10.7680298,106.6921517
281,Unknown,,10.7727408,106.6968917
282,Unknown,,10.7681437,106.6920971
283,Unknown,,10.7672169,106.692785
284,Siêu thị Bách hoá XANH,,10.7656009,106.6947703
285,Unknown,,10.7822529,106.7059532
286,WinMart,,10.7782504,106.7020738
287,Ngã sáu Phù Đổng,,10.7708507,106.6938218
288,Nguyễn Thị Nghĩa,,10.7708393,106.6936333
289,Nguyễn Trãi,,10.7710326,106.6927759
290,Khách sạn Golden,,10.7732966,106.6961893
291,Trường Trung học Phổ thông Ernst Thälmann,,10.7687864,106.6959537
292,Bệnh viện Răng Hàm Mặt,,10.7639299,106.6917049
293,Bệnh viện Răng Hàm Mặt,,10.7636355,106.6916529
294,Ký túc xã Trần Hưng Đạo,,10.7671569,106.6947089
295,Trạm trung chuyển Hàm Nghi,,10.7709376,106.700515
296,Bưu điện Thành phố,,10.7806054,106.7006741
297,Sở Công Thương,,10.784299,106.6964768
298,Chợ Tân Định,,10.7904513,106.6887854
299,Lê Duẩn,,10.7819798,106.6990284
300,Bệnh viện Nhi đồng 2,,10.7793394,106.7018959
301,Nhà hát Thành phố,,10.7778905,106.7035256
302,Công trường Mê Linh,,10.7759881,106.7056045
303,Tòa án Nhân dân Thành phố,,10.7759926,106.6987823
304,Trường Cao đẳng Kỹ thuật Cao Thắng,,10.771523,106.700882
305,Trường Trung học Phổ thông Chuyên Lê Hồng Phong,,10.7644625,106.6821634
306,Trống Đồng,,10.7730138,106.6906711
307,Trống Đồng,,10.7723938,106.6914603
308,Diamond Plaza,,10.78092,106.6991745
309,Sân vận động Hoa Lư,,10.787152,106.7010822
310,Trường Trung cấp Kỹ thuật Nông nghiệp,,10.7891734,106.6987603
311,Diamond Plaza,,10.7807618,106.6988192
312,Bảo tàng Lịch sử Việt Nam,,10.7866918,106.7043355
313,Khách sạn Sofitel,,10.7842282,106.7020227
314,Nhà thờ Huyện Sỹ,,10.767705,106.6886561
315,Chợ Thái Bình,,10.7669365,106.6877782
316,Nhà sách Minh Khai,,10.7660683,106.6827041
317,Bệnh viện Truyền máu Huyết học,,10.7675866,106.6849954
318,Tôn Thất Tùng,,10.7696619,106.6907636
319,Mầm non Hoa Lư,,10.7841719,106.7075841
320,TTTM Sài Gòn,,10.7842885,106.7043223
321,Bà Lê Chân,,10.7917146,106.6902974
322,Đa Kao - 30 Trần Quang Khải,,10.7925985,106.6949721
323,Nguyễn Hữu Cầu,,10.7922021,106.6928116
324,Trạm trung chuyển Hàm Nghi,,10.7711507,106.6996046
325,Trạm trung chuyển Hàm Nghi,,10.7711451,106.6998113
326,Trạm trung chuyển Hàm Nghi,,10.7711359,106.7000466
327,Trạm trung chuyển Hàm Nghi,,10.7708974,106.7003947
328,Trần Hưng Đạo,,10.7685577,106.6949906
329,Nhà thờ Đức Bà,,10.7792374,106.6991514
330,Pasteur,,10.7782822,106.6992407
331,Nam Kỳ Khởi Nghĩa,,10.777234,106.6983113
332,Chợ Nga,,10.7617427,106.6962616
333,Cầu Nguyễn Văn Cừ,,10.7559639,106.689258
334,Chợ Nga,,10.7618691,106.6966726
335,Lê Thị Hồng Gấm,,10.7691258,106.698333
336,TTTM Vincom,,10.7785767,106.7016647
337,Bệnh viện Nhi đồng 2,,10.7807246,106.7036308
338,Ba Son,,10.7815207,106.7068305
339,Ba Son,,10.7818263,106.7071024
340,TTTM Sài Gòn,,10.7838212,106.7043628
341,Chu Mạnh Trinh,,10.780897,106.7049261
342,Sở Kế hoạch và Đầu tư,,10.7790053,106.7032821
343,Vincom Center Đồng Khởi - 72 Lê Thánh Tôn,,10.7778204,106.702246
344,Phố đi bộ Nguyễn Huệ,,10.7754135,106.7001378
345,Nhà khách Bộ Công an,,10.7620222,106.6863007
346,Trần Hưng Đạo,,10.7645395,106.6918772
347,Nguyễn Đình Chiểu,,10.7898169,106.7021296
348,Nguyễn Cư Trinh,,10.7646555,106.69179
349,Cống Quỳnh,,10.7638709,106.6896949
350,Chùa Lâm Tế,,10.7657514,106.6879201
351,Bảo tàng Tôn Đức Thắng,,10.7772275,106.707092
352,Ministop,,10.7906513,106.6996112
353,UBND Phường Đakao,,10.7888191,106.6998278
354,Mạc Đĩnh Chi,,10.7869617,106.6980755
355,Hai Bà Trưng,,10.7852597,106.6964717
356,Trường Nguyễn Thái Học,,10.7676443,106.6962379
357,Nhà sách Nguyễn Văn Cừ,,10.7575307,106.6848655
358,Chợ Dân Sinh,,10.7662108,106.6994332
359,Sở Giao dịch Chứng khoán,,10.7687202,106.70154
360,Vinhomes Golden River - Khu phức hợp Ba Son,,10.7834393,106.7089584
361,Vinhomes Golden River - Khu phúc hợp Ba Son,,10.7835393,106.7090633
362,Bến Bạch Đằng,,10.7764276,106.7068992
363,Báo An ninh Thế giới,,10.7599004,106.6850186
364,Rạp Trần Hưng Đạo,,10.7648329,106.6926828
365,Wedo Skin Clinic Quan 1,hospital,10.7888402,106.6974043
366,Unknown,,10.7710029,106.6964944
367,7-Eleven,,10.7724314,106.6972167
368,7-Eleven,,10.7719747,106.6944422
369,Trung tâm VinCom,,10.776776,106.7022438
370,Nhà hát Thành phố,,10.7753669,106.7038026
371,Dinh Độc Lập,,10.778308,106.6965283
372,Sân vận động Tao Đàn,,10.7762661,106.6943088
373,Thủ Khoa Huân,,10.7743451,106.6967129
374,Chùa Bà Ấn,,10.772314,106.695901
375,GS25,,10.78193,106.70111
376,7-Eleven,,10.7818559,106.7011933
377,GS25,,10.7811577,106.7008712
378,Nhà Văn hóa Thanh niên,,10.7814708,106.6972392
379,Nhà Văn hóa Thanh niên,,10.7814056,106.697177
380,Circle K,,10.7755018,106.7042649
381,Techcombank Lê Duẩn,,10.7838463,106.7018991
382,Grand Marina SaiGon,,10.7839399,106.7085218
383,Mini stop,,10.7680533,106.6984934
384,Chợ Dân sinh,,10.7662302,106.6986479
385,Ga Bến Thành,,10.7700679,106.6966362
386,Công viên Tao Đàn,,10.774328,106.6937052
387,Ga Bến Thành,,10.769969,106.696688
388,Chùa Trường Thạnh,,10.7685607,106.696703
389,Công viên Đống Đa,,10.7758758,106.7017186
390,Unknown,parking,10.769641,106.7054782
391,Unknown,parking,10.7705198,106.7056119
392,7-Eleven,,10.773051,106.6950403
393,Bệnh Viện Thẩm Mỹ Siam Thailand,hospital,10.7605922,106.6855655
394,FamilyMart,,10.7690238,106.6943666
395,7-Eleven,,10.7688037,106.6938374
396,Unknown,charging_station,10.7708742,106.696069
397,Gujju Indian Mart,,10.7688747,106.69397
398,GS25,,10.7685228,106.6933874
399,Nhà Xe Phúc Bình Dương,parking,10.7779142,106.7060295
400,7eleven,,10.7638297,106.6872398
401,7eleven,,10.7659048,106.6897399
402,co.op,,10.7653754,106.6847407
403,GS25,,10.7729916,106.6993877
404,7-Eleven,,10.7726939,106.6991376
405,Mexbus Ho Chi Minh City Disctrict 1,,10.7630713,106.6950209
406,Điểm đầu cuối Nguyễn Siêu,,10.7799853,106.706441
407,Ngô Văn Năm,,10.7798383,106.707644
408,Trường BDVH 218 Lý Tự Trọng,school,10.7725053,106.6948796
409,Gs25,,10.7672947,106.6866505
410,Chung cư Nguyễn Thái Bình,,10.7698311,106.7004139
411,Công viên 30/4,,10.77923035429604,106.6973776582395
412,Công viên 23 tháng 9,,10.76950439333642,106.69394422385675
413,Thảo Cầm Viên Sài Gòn,,10.787892328330285,106.70653594949685
414,Công viên Lê Văn Tám,,10.788222946601195,106.69377925985638
415,Co.op Mart,,10.767201884263006,106.68619127870215
416,Unknown,parking,10.769317628928963,106.69349165693684
417,Trường Đại học Khoa học xã hội và Nhân văn,university,10.786095205170813,106.70316332749391
418,Khoa Dược - Đại học Y Dược Thành phố Hồ Chí Minh,university,10.78494557975636,106.7020616445657
419,Unknown,,10.777158149999996,106.70261794999996
420,Công viên Chi Lăng,,10.777779736676662,106.70156242336326
421,Công viên Thương xá Tax,,10.77468064646587,106.70210806347164
422,Unknown,parking,10.783082420901094,106.70010388927018
423,Unknown,,10.783536383413354,106.70044365078529
424,Unknown,parking,10.780930473509814,106.69953038319419
425,Lavenue Crown Hotel,parking,10.781493789957382,106.69895315465641
426,Unknown,parking,10.777991291544952,106.70642537304538
427,Công viên Lê Lợi,,10.773956543636974,106.6995672161492
428,Trường Cao đẳng Kỹ thuật Cao Thắng,college,10.77159581855053,106.70157883983174
429,Unknown,,10.78316355,106.70186045
430,Trường Tiểu học Nguyễn Thái Học,school,10.767960632045323,106.69597114897071
431,Trường Tiểu học Nguyễn Bỉnh Khiêm,school,10.788374840587652,106.70411723556838
432,Bệnh viện Nhi đồng 2,hospital,10.781406904363793,106.70261078524982
433,Công viên Bách Tùng Diệp,,10.776462999862432,106.69918881509436
434,Trường Tiểu học Khai Minh,school,10.769168912733313,106.70039251939798
435,Bệnh viện Nhân dân Gia Định - cơ sở 2,hospital,10.771938087227008,106.6995179618204
436,Công trường Mê Linh,,10.775293983043072,106.70633408481007
437,Đại học Sài Gòn (cơ sở 2),university,10.783270955085294,106.70638877104943
438,Công viên Majestic Hotel,,10.772498733752345,106.70596342951522
439,Trường Trung Cấp Nghề TT Quản lý Khách Sạn Việt Úc,school,10.784062138647538,106.69893777029498
440,Unknown,,10.786701017518267,106.70472681496842
441,Unknown,,10.786754764073354,106.70524961420784
442,Unknown,parking,10.78713971285626,106.70153453032385
443,Trường Tiểu học Hoà Bình,school,10.778919251085831,106.69898793845043
444,Trường Trung học phổ thông Trưng Vương,school,10.78531756619857,106.70639974479353
445,Đại chủng viện thánh Giuse,college,10.784705101368923,106.70505833405348
446,Trường Quốc Tế American,school,10.75760905,106.68523394999998
447,Trường Trung học cơ sở Nguyễn Du,school,10.772809869978436,106.69396066666927
448,Bệnh viện Đa khoa Tân Định,hospital,10.790211060771886,106.6896256742255
449,Bệnh viện Từ Dũ,hospital,10.768822054663048,106.6858807317314
450,Trường Tiểu học Kết Đoàn,school,10.768474207949662,106.68850411748667
451,Trường Đại học Ngân hàng Thành phố Hồ Chí Minh,university,10.770293346503042,106.70405231756456
452,Nhạc viện Thành phố Hồ Chí Minh,university,10.774378869453036,106.69499965375236
453,Unknown,,10.768731847153655,106.70424860252821
454,Unknown,parking,10.76215438575617,106.68600071118863
455,Unknown,,10.762388162815677,106.68545394650559
456,Trường Tiểu học Đinh Tiên Hoàng,school,10.789397309198245,106.6979724713669
457,Trường Đại học Sân khấu - Điện ảnh Thành phố Hồ Chí Minh,university,10.765642548900281,106.68932450386893
458,Trường Tiểu học Trần Hưng Đạo,school,10.761560908364961,106.68912854349342
459,Bệnh viện Răng Hàm Mặt Thành phố Hồ Chí Minh,hospital,10.76347980905101,106.69189948445361
460,Trường Trung học phổ thông Bùi Thị Xuân,school,10.76906896748122,106.68814552518808
461,Trường ĐH Công nghệ,university,10.756654275938642,106.68870670752837
462,Công viên Bến Bạch Đằng,,10.77252245929323,106.70664020363164
463,Công viên Tao Đàn,,10.774646515951172,106.69289258342039
464,Unknown,parking,10.78994565,106.70442075
465,Unknown,,10.786544782423775,106.71294074776739
466,Vườn hoa Tượng đài Bác Hồ,,10.775987606121273,106.70158474241872
467,Unknown,,10.792338721433403,106.70287791246928
468,Unknown,,10.791350674929754,106.7053709352988
469,Cửa hàng Xăng dầu Petrolimex Số 01,fuel,10.784143999383817,106.6970603591719
470,Unknown,parking,10.789598249811489,106.69418031062223
471,Vinschool Golden River,school,10.786179577159576,106.71155153957774
472,Common area Aqua 2,,10.786522464887604,106.71138548312193
473,Trường Trung học cơ sở và Trung học phổ thông Trần Đại Nghĩa,school,10.779319464781677,106.70125657681062
474,Unknown,,10.776057760725955,106.70084444677737
475,Công viên Lam Sơn,,10.775965819355704,106.70255329948147
476,Unknown,,10.777292767664884,106.70126735212979
477,Unknown,parking,10.781801627871781,106.70361528610042
478,Unknown,parking,10.7764069805883,106.69975975317837
479,Unknown,,10.77584451893279,106.699761122692
480,Unknown,parking,10.775323112032725,106.69965319438022
481,Unknown,parking,10.775709684749014,106.69985510481366
482,Unknown,parking,10.77592480331708,106.69999603939488
483,Trường Tiểu học Nguyễn Thái Bình,school,10.76857245572736,106.69959669154848
484,Trường Tiểu học Khai Minh,school,10.77026489386311,106.70005466883426
485,Unknown,parking,10.776587245619186,106.70275699118329
486,Unknown,parking,10.776240704341237,106.70313314432889
487,Trường Hoa Ngữ Nhật Tân,college,10.771490172984615,106.70342870588283
488,Trường Tiểu Học Hoà Bình,school,10.771559516405645,106.70280141173082
489,Trường Trung học cơ sở Võ Trường Toản,school,10.786162931010496,106.70549722546299
490,Trường Cán bộ Quản lý giáo dục Thành phố Hồ Chí Minh,college,10.786001800000001,106.7059845
491,Bãi giữ xe 42 Chu Mạnh Trinh,parking,10.783467530163257,106.70329476710802
492,Trường Trung học phổ thông Ernst Thälmann,school,10.768930611563501,106.6955099531801
493,Unknown,parking,10.767047927837387,106.69783507249528
494,Trường Trung học cơ sở Minh Đức,school,10.766343805147946,106.69573848345397
495,Trường Trung học cơ sở Đồng Khởi,school,10.76581058247817,106.69715017454502
496,Đại học Văn Lang,university,10.762818400000002,106.69328235
497,Trường Tiểu học Lương Thế Vinh,school,10.76282048035042,106.69415443766958
498,Trường Trung học phổ thông Lương Thế Vinh,school,10.763304939542952,106.69379717860943
499,Khu đậu xe Samco,parking,10.762468415186422,106.69531752740188
500,Trường Chính sách công và Phát triển nông thôn,college,10.785654860396576,106.70164023962235
501,Trường Trung học cơ sở Trần Văn Ơn,school,10.788323723959149,106.69778128759755
502,Trường Trung học phổ thông Năng Khiếu Thể Dục Thể Thao,school,10.791068552443024,106.69861889902177
503,Unknown,,10.76413988114185,106.6987825000435
504,Công viên Bến Bạch Đằng,,10.778664850929541,106.70763094736992
505,Trường Đại học Mở Thành phố Hồ Chí Minh,university,10.761096098688503,106.69223775596147
506,Unknown,parking,10.768782195722395,106.68633082904124
507,Bệnh viện Từ Dũ (khu M),hospital,10.767878183302654,106.68473858753833
508,Unknown,parking,10.775803529140049,106.70700914276762
509,Unknown,parking,10.774610137122798,106.70633927864073
510,Unknown,parking,10.780103402839266,106.69567978029364
511,Unknown,parking,10.7805752,106.6961322
512,Đại học Kinh tế Thành phố Hồ Chí Minh - cơ sở D,university,10.791862272578584,106.68841442657197
513,Unknown,parking,10.790320996744013,106.70490506617799
514,Unknown,parking,10.790419329656816,106.70307924911391
515,Unknown,,10.790525402212493,106.70296734773196
516,Unknown,parking,10.779926792983392,106.70034941453932
517,Unknown,parking,10.772736651774995,106.70137716088018
518,Unknown,,10.791440585073172,106.70567734796516
519,Unknown,parking,10.770612717181002,106.69545693203867
520,Unknown,,10.78572530925377,106.70958824294851
521,Unknown,parking,10.76936542979131,106.69394600568427
522,Trường Tiểu học Trần Khánh Dư,school,10.794831586750297,106.69170223712145
523,Trường Tiểu học Đuốc Sống,school,10.790385585899084,106.69190174623937
524,Trường Tiểu học Nguyễn Huệ,school,10.770864539369155,106.69098322224002
525,Trường Tiểu học Trần Quang Khải (cơ sở 1),school,10.793243300736602,106.69335431828043
526,Trường Tiểu học Trần Quang Khải (cơ sở 2),school,10.789622602882798,106.69341304263804
527,Trường Tiểu học Phan Văn Trị,school,10.76694313770769,106.68439954637189
528,Trường Tiểu học Chương Dương,school,10.758560475206176,106.69115756290167
529,Trường Tiểu học Lê Ngọc Hân,school,10.772792241446771,106.68948534092804
530,Trường Trung học cơ sở Chu Văn An,school,10.765075725058782,106.68984828709891
531,Trường Trung học cơ sở Huỳnh Khương Ninh,school,10.789299903809614,106.69575312289552
532,Unknown,parking,10.787792071851763,106.70078218542689
533,Unknown,parking,10.786237650382423,106.70296218286506
534,Công viên Phong Châu,,10.766412366666666,106.68284366666666
535,Ministop,,10.794459827897452,106.6909070442841
536,7-Eleven,,10.7918529,106.68993449999999
537,Ministop,,10.790490990258018,106.69210423239228
538,Unknown,parking,10.774203215973314,106.70165026849894
539,Cửa hàng Xăng dầu Petrolimex Số 03,fuel,10.771413775486408,106.69517562149598
540,7-Eleven,,10.768413794793085,106.69302768769063
